Workbook

Sheet Legend
A1: Expert shortlist tracker (spec section 13, steps 1 to 9)
A3: Use a Candidate ID, never a name, in any shared copy. Keep identity documents and payout account numbers OUT of this sheet.
A4: Blue = input. Black = formula. Green headers = formulas. Yellow = owner decides.
A5: Reviewer scores come from the rubric sheet (02b). Reviewers should agree within half a point on each dimension (spec 13.3 calibration).
A6: Pilot target (spec 22, Phase 0): shortlist three to five experts, including the two the founder knows and at least two the founder does not know. Check on the Summary tab.
A7: Ready for first job = application, sample test paid, two reviewer scores, interview done, identity verified, agreement signed, payout country checked, security and training done. The pass bar for the sample test is blank until the owner sets it (see the gate sheet).

Sheet Tracker
A1: Expert shortlist tracker
A3: Candidate ID | B3: Known to founder? (Y/N) | C3: Source (referral, recruiter, other) | D3: Country (lives) | E3: Time zone | F3: Experience (years) | G3: Specialities (industries, seniority) | H3: Regions known | I3: Languages | J3: Weekly capacity (hours) | K3: Can take rush jobs? (Y/N) | L3: 1 Application received (Y/N) | M3: Work samples received, details removed (Y/N) | N3: Reference checked (Y/N) | O3: 2 Sample test paid (Y/N) | P3: 3 Reviewer 1 audit score | Q3: 3 Reviewer 2 audit score | R3: 4 Interview score (0-2 each, total) | S3: 4 Interview done (Y/N) | T3: 5 Identity verified (Y/N) | U3: 6 Agreement signed (Y/N) | V3: 6 Agreement version and date | W3: 6 Payout method and country | X3: 6 Payout country checked (Y/N) | Y3: 7 Security and training done (Y/N) | Z3: Conflicts of interest noted (Y/N) | AA3: 8 Probation jobs completed (of 5) | AB3: 9 Graduated (Y/N) | AC3: Backup expert? (Y/N) | AD3: Notes | AE3: Reviewer score gap | AF3: Average audit score | AG3: Stage reached | AH3: Ready for first job?
AE4: =IF(AND(ISNUMBER(P4),ISNUMBER(Q4)),ABS(P4-Q4),"") | AF4: =IF(COUNT(P4:Q4)=0,"",AVERAGE(P4:Q4)) | AG4: =IF(A4="","",IF(UPPER(AB4)="Y","9 Graduated",IF(N(AA4)>0,"8 Probation",IF(UPPER(Y4)="Y","7 Training done",IF(UPPER(U4)="Y","6 Agreement signed",IF(UPPER(T4)="Y","5 Identity verified",IF(UPPER(S4)="Y","4 Interviewed",IF(COUNT(P4:Q4)=2,"3 Reviewed",IF(UPPER(O4)="Y","2 Test taken",IF(UPPER(L4)="Y","1 Applied","0 Sourced")))))))))) | AH4: =IF(A4="","",IF(AND(UPPER(L4)="Y",UPPER(O4)="Y",COUNT(P4:Q4)=2,UPPER(S4)="Y",UPPER(T4)="Y",UPPER(U4)="Y",UPPER(X4)="Y",UPPER(Y4)="Y"),"READY","Not yet"))
AE5: =IF(AND(ISNUMBER(P5),ISNUMBER(Q5)),ABS(P5-Q5),"") | AF5: =IF(COUNT(P5:Q5)=0,"",AVERAGE(P5:Q5)) | AG5: =IF(A5="","",IF(UPPER(AB5)="Y","9 Graduated",IF(N(AA5)>0,"8 Probation",IF(UPPER(Y5)="Y","7 Training done",IF(UPPER(U5)="Y","6 Agreement signed",IF(UPPER(T5)="Y","5 Identity verified",IF(UPPER(S5)="Y","4 Interviewed",IF(COUNT(P5:Q5)=2,"3 Reviewed",IF(UPPER(O5)="Y","2 Test taken",IF(UPPER(L5)="Y","1 Applied","0 Sourced")))))))))) | AH5: =IF(A5="","",IF(AND(UPPER(L5)="Y",UPPER(O5)="Y",COUNT(P5:Q5)=2,UPPER(S5)="Y",UPPER(T5)="Y",UPPER(U5)="Y",UPPER(X5)="Y",UPPER(Y5)="Y"),"READY","Not yet"))
AE6: =IF(AND(ISNUMBER(P6),ISNUMBER(Q6)),ABS(P6-Q6),"") | AF6: =IF(COUNT(P6:Q6)=0,"",AVERAGE(P6:Q6)) | AG6: =IF(A6="","",IF(UPPER(AB6)="Y","9 Graduated",IF(N(AA6)>0,"8 Probation",IF(UPPER(Y6)="Y","7 Training done",IF(UPPER(U6)="Y","6 Agreement signed",IF(UPPER(T6)="Y","5 Identity verified",IF(UPPER(S6)="Y","4 Interviewed",IF(COUNT(P6:Q6)=2,"3 Reviewed",IF(UPPER(O6)="Y","2 Test taken",IF(UPPER(L6)="Y","1 Applied","0 Sourced")))))))))) | AH6: =IF(A6="","",IF(AND(UPPER(L6)="Y",UPPER(O6)="Y",COUNT(P6:Q6)=2,UPPER(S6)="Y",UPPER(T6)="Y",UPPER(U6)="Y",UPPER(X6)="Y",UPPER(Y6)="Y"),"READY","Not yet"))
AE7: =IF(AND(ISNUMBER(P7),ISNUMBER(Q7)),ABS(P7-Q7),"") | AF7: =IF(COUNT(P7:Q7)=0,"",AVERAGE(P7:Q7)) | AG7: =IF(A7="","",IF(UPPER(AB7)="Y","9 Graduated",IF(N(AA7)>0,"8 Probation",IF(UPPER(Y7)="Y","7 Training done",IF(UPPER(U7)="Y","6 Agreement signed",IF(UPPER(T7)="Y","5 Identity verified",IF(UPPER(S7)="Y","4 Interviewed",IF(COUNT(P7:Q7)=2,"3 Reviewed",IF(UPPER(O7)="Y","2 Test taken",IF(UPPER(L7)="Y","1 Applied","0 Sourced")))))))))) | AH7: =IF(A7="","",IF(AND(UPPER(L7)="Y",UPPER(O7)="Y",COUNT(P7:Q7)=2,UPPER(S7)="Y",UPPER(T7)="Y",UPPER(U7)="Y",UPPER(X7)="Y",UPPER(Y7)="Y"),"READY","Not yet"))
AE8: =IF(AND(ISNUMBER(P8),ISNUMBER(Q8)),ABS(P8-Q8),"") | AF8: =IF(COUNT(P8:Q8)=0,"",AVERAGE(P8:Q8)) | AG8: =IF(A8="","",IF(UPPER(AB8)="Y","9 Graduated",IF(N(AA8)>0,"8 Probation",IF(UPPER(Y8)="Y","7 Training done",IF(UPPER(U8)="Y","6 Agreement signed",IF(UPPER(T8)="Y","5 Identity verified",IF(UPPER(S8)="Y","4 Interviewed",IF(COUNT(P8:Q8)=2,"3 Reviewed",IF(UPPER(O8)="Y","2 Test taken",IF(UPPER(L8)="Y","1 Applied","0 Sourced")))))))))) | AH8: =IF(A8="","",IF(AND(UPPER(L8)="Y",UPPER(O8)="Y",COUNT(P8:Q8)=2,UPPER(S8)="Y",UPPER(T8)="Y",UPPER(U8)="Y",UPPER(X8)="Y",UPPER(Y8)="Y"),"READY","Not yet"))
AE9: =IF(AND(ISNUMBER(P9),ISNUMBER(Q9)),ABS(P9-Q9),"") | AF9: =IF(COUNT(P9:Q9)=0,"",AVERAGE(P9:Q9)) | AG9: =IF(A9="","",IF(UPPER(AB9)="Y","9 Graduated",IF(N(AA9)>0,"8 Probation",IF(UPPER(Y9)="Y","7 Training done",IF(UPPER(U9)="Y","6 Agreement signed",IF(UPPER(T9)="Y","5 Identity verified",IF(UPPER(S9)="Y","4 Interviewed",IF(COUNT(P9:Q9)=2,"3 Reviewed",IF(UPPER(O9)="Y","2 Test taken",IF(UPPER(L9)="Y","1 Applied","0 Sourced")))))))))) | AH9: =IF(A9="","",IF(AND(UPPER(L9)="Y",UPPER(O9)="Y",COUNT(P9:Q9)=2,UPPER(S9)="Y",UPPER(T9)="Y",UPPER(U9)="Y",UPPER(X9)="Y",UPPER(Y9)="Y"),"READY","Not yet"))
AE10: =IF(AND(ISNUMBER(P10),ISNUMBER(Q10)),ABS(P10-Q10),"") | AF10: =IF(COUNT(P10:Q10)=0,"",AVERAGE(P10:Q10)) | AG10: =IF(A10="","",IF(UPPER(AB10)="Y","9 Graduated",IF(N(AA10)>0,"8 Probation",IF(UPPER(Y10)="Y","7 Training done",IF(UPPER(U10)="Y","6 Agreement signed",IF(UPPER(T10)="Y","5 Identity verified",IF(UPPER(S10)="Y","4 Interviewed",IF(COUNT(P10:Q10)=2,"3 Reviewed",IF(UPPER(O10)="Y","2 Test taken",IF(UPPER(L10)="Y","1 Applied","0 Sourced")))))))))) | AH10: =IF(A10="","",IF(AND(UPPER(L10)="Y",UPPER(O10)="Y",COUNT(P10:Q10)=2,UPPER(S10)="Y",UPPER(T10)="Y",UPPER(U10)="Y",UPPER(X10)="Y",UPPER(Y10)="Y"),"READY","Not yet"))
AE11: =IF(AND(ISNUMBER(P11),ISNUMBER(Q11)),ABS(P11-Q11),"") | AF11: =IF(COUNT(P11:Q11)=0,"",AVERAGE(P11:Q11)) | AG11: =IF(A11="","",IF(UPPER(AB11)="Y","9 Graduated",IF(N(AA11)>0,"8 Probation",IF(UPPER(Y11)="Y","7 Training done",IF(UPPER(U11)="Y","6 Agreement signed",IF(UPPER(T11)="Y","5 Identity verified",IF(UPPER(S11)="Y","4 Interviewed",IF(COUNT(P11:Q11)=2,"3 Reviewed",IF(UPPER(O11)="Y","2 Test taken",IF(UPPER(L11)="Y","1 Applied","0 Sourced")))))))))) | AH11: =IF(A11="","",IF(AND(UPPER(L11)="Y",UPPER(O11)="Y",COUNT(P11:Q11)=2,UPPER(S11)="Y",UPPER(T11)="Y",UPPER(U11)="Y",UPPER(X11)="Y",UPPER(Y11)="Y"),"READY","Not yet"))
AE12: =IF(AND(ISNUMBER(P12),ISNUMBER(Q12)),ABS(P12-Q12),"") | AF12: =IF(COUNT(P12:Q12)=0,"",AVERAGE(P12:Q12)) | AG12: =IF(A12="","",IF(UPPER(AB12)="Y","9 Graduated",IF(N(AA12)>0,"8 Probation",IF(UPPER(Y12)="Y","7 Training done",IF(UPPER(U12)="Y","6 Agreement signed",IF(UPPER(T12)="Y","5 Identity verified",IF(UPPER(S12)="Y","4 Interviewed",IF(COUNT(P12:Q12)=2,"3 Reviewed",IF(UPPER(O12)="Y","2 Test taken",IF(UPPER(L12)="Y","1 Applied","0 Sourced")))))))))) | AH12: =IF(A12="","",IF(AND(UPPER(L12)="Y",UPPER(O12)="Y",COUNT(P12:Q12)=2,UPPER(S12)="Y",UPPER(T12)="Y",UPPER(U12)="Y",UPPER(X12)="Y",UPPER(Y12)="Y"),"READY","Not yet"))
AE13: =IF(AND(ISNUMBER(P13),ISNUMBER(Q13)),ABS(P13-Q13),"") | AF13: =IF(COUNT(P13:Q13)=0,"",AVERAGE(P13:Q13)) | AG13: =IF(A13="","",IF(UPPER(AB13)="Y","9 Graduated",IF(N(AA13)>0,"8 Probation",IF(UPPER(Y13)="Y","7 Training done",IF(UPPER(U13)="Y","6 Agreement signed",IF(UPPER(T13)="Y","5 Identity verified",IF(UPPER(S13)="Y","4 Interviewed",IF(COUNT(P13:Q13)=2,"3 Reviewed",IF(UPPER(O13)="Y","2 Test taken",IF(UPPER(L13)="Y","1 Applied","0 Sourced")))))))))) | AH13: =IF(A13="","",IF(AND(UPPER(L13)="Y",UPPER(O13)="Y",COUNT(P13:Q13)=2,UPPER(S13)="Y",UPPER(T13)="Y",UPPER(U13)="Y",UPPER(X13)="Y",UPPER(Y13)="Y"),"READY","Not yet"))
AE14: =IF(AND(ISNUMBER(P14),ISNUMBER(Q14)),ABS(P14-Q14),"") | AF14: =IF(COUNT(P14:Q14)=0,"",AVERAGE(P14:Q14)) | AG14: =IF(A14="","",IF(UPPER(AB14)="Y","9 Graduated",IF(N(AA14)>0,"8 Probation",IF(UPPER(Y14)="Y","7 Training done",IF(UPPER(U14)="Y","6 Agreement signed",IF(UPPER(T14)="Y","5 Identity verified",IF(UPPER(S14)="Y","4 Interviewed",IF(COUNT(P14:Q14)=2,"3 Reviewed",IF(UPPER(O14)="Y","2 Test taken",IF(UPPER(L14)="Y","1 Applied","0 Sourced")))))))))) | AH14: =IF(A14="","",IF(AND(UPPER(L14)="Y",UPPER(O14)="Y",COUNT(P14:Q14)=2,UPPER(S14)="Y",UPPER(T14)="Y",UPPER(U14)="Y",UPPER(X14)="Y",UPPER(Y14)="Y"),"READY","Not yet"))
AE15: =IF(AND(ISNUMBER(P15),ISNUMBER(Q15)),ABS(P15-Q15),"") | AF15: =IF(COUNT(P15:Q15)=0,"",AVERAGE(P15:Q15)) | AG15: =IF(A15="","",IF(UPPER(AB15)="Y","9 Graduated",IF(N(AA15)>0,"8 Probation",IF(UPPER(Y15)="Y","7 Training done",IF(UPPER(U15)="Y","6 Agreement signed",IF(UPPER(T15)="Y","5 Identity verified",IF(UPPER(S15)="Y","4 Interviewed",IF(COUNT(P15:Q15)=2,"3 Reviewed",IF(UPPER(O15)="Y","2 Test taken",IF(UPPER(L15)="Y","1 Applied","0 Sourced")))))))))) | AH15: =IF(A15="","",IF(AND(UPPER(L15)="Y",UPPER(O15)="Y",COUNT(P15:Q15)=2,UPPER(S15)="Y",UPPER(T15)="Y",UPPER(U15)="Y",UPPER(X15)="Y",UPPER(Y15)="Y"),"READY","Not yet"))
... AE18: =IF(AND(ISNUMBER(P18),ISNUMBER(Q18)),ABS(P18-Q18),"") | AF18: =IF(COUNT(P18:Q18)=0,"",AVERAGE(P18:Q18)) | AG18: =IF(A18="","",IF(UPPER(AB18)="Y","9 Graduated",IF(N(AA18)>0,"8 Probation",IF(UPPER(Y18)="Y","7 Training done",IF(UPPER(U18)="Y","6 Agreement signed",IF(UPPER(T18)="Y","5 Identity verified",IF(UPPER(S18)="Y","4 Interviewed",IF(COUNT(P18:Q18)=2,"3 Reviewed",IF(UPPER(O18)="Y","2 Test taken",IF(UPPER(L18)="Y","1 Applied","0 Sourced")))))))))) | AH18: =IF(A18="","",IF(AND(UPPER(L18)="Y",UPPER(O18)="Y",COUNT(P18:Q18)=2,UPPER(S18)="Y",UPPER(T18)="Y",UPPER(U18)="Y",UPPER(X18)="Y",UPPER(Y18)="Y"),"READY","Not yet"))

Sheet Summary
A1: Summary
A3: Candidates tracked | B3: =COUNTA(Tracker!$A$4:$A$18) -> 0
A4: Known to founder | B4: =COUNTIF(Tracker!$B$4:$B$18,"Y") -> 0
A5: Not known to founder | B5: =COUNTIF(Tracker!$B$4:$B$18,"N") -> 0
A6: Ready for first job | B6: =COUNTIF(Tracker!$AH$4:$AH$18,"READY") -> 0
A7: On-call backups | B7: =COUNTIF(Tracker!$AC$4:$AC$18,"Y") -> 0
A9: Pilot checks (spec 22, Phase 0 and Appendix F)
A10: Three to five experts shortlisted? | B10: =IF(AND(B3>=3,B3<=5),"OK",IF(B3<3,"Too few","Above five: fine, but cap the pilot at two to four")) -> Too few
A11: At least two the founder does not know? | B11: =IF(B5>=2,"OK","Need more outside candidates") -> Need more outside candidates
A12: Two to four experts ready by the pilot start? | B12: =IF(AND(B6>=2,B6<=4),"OK",IF(B6<2,"Not enough ready","More than four ready: choose")) -> Not enough ready
A13: Two or three on-call backups? | B13: =IF(AND(B7>=2,B7<=3),"OK","Review") -> Review

Sheet Example (synthetic)
A1: Expert shortlist tracker (EXAMPLE, synthetic)
A3: Candidate ID | B3: Known to founder? (Y/N) | C3: Source (referral, recruiter, other) | D3: Country (lives) | E3: Time zone | F3: Experience (years) | G3: Specialities (industries, seniority) | H3: Regions known | I3: Languages | J3: Weekly capacity (hours) | K3: Can take rush jobs? (Y/N) | L3: 1 Application received (Y/N) | M3: Work samples received, details removed (Y/N) | N3: Reference checked (Y/N) | O3: 2 Sample test paid (Y/N) | P3: 3 Reviewer 1 audit score | Q3: 3 Reviewer 2 audit score | R3: 4 Interview score (0-2 each, total) | S3: 4 Interview done (Y/N) | T3: 5 Identity verified (Y/N) | U3: 6 Agreement signed (Y/N) | V3: 6 Agreement version and date | W3: 6 Payout method and country | X3: 6 Payout country checked (Y/N) | Y3: 7 Security and training done (Y/N) | Z3: Conflicts of interest noted (Y/N) | AA3: 8 Probation jobs completed (of 5) | AB3: 9 Graduated (Y/N) | AC3: Backup expert? (Y/N) | AD3: Notes | AE3: Reviewer score gap | AF3: Average audit score | AG3: Stage reached | AH3: Ready for first job?
A4: C-001 | B4: Y | C4: Friend | D4: Kenya | E4: EAT | F4: 8 | G4: Tech, mid to senior | H4: US, UK, Kenya | I4: English, Swahili | J4: 12 | K4: Y | L4: Y | M4: Y | N4: Y | O4: Y | P4: 84 | Q4: 80 | R4: 15 | S4: Y | T4: Y | U4: Y | V4: draft v0, example | W4: example only | X4: Y | Y4: Y | Z4: Y | AC4: N | AE4: =IF(AND(ISNUMBER(P4),ISNUMBER(Q4)),ABS(P4-Q4),"") -> 4 | AF4: =IF(COUNT(P4:Q4)=0,"",AVERAGE(P4:Q4)) -> 82 | AG4: =IF(A4="","",IF(UPPER(AB4)="Y","9 Graduated",IF(N(AA4)>0,"8 Probation",IF(UPPER(Y4)="Y","7 Training done",IF(UPPER(U4)="Y","6 Agreement signed",IF(UPPER(T4)="Y","5 Identity verified",IF(UPPER(S4)="Y","4 Interviewed",IF(COUNT(P4:Q4)=2,"3 Reviewed",IF(UPPER(O4)="Y","2 Test taken",IF(UPPER(L4)="Y","1 Applied","0 Sourced")))))))))) -> 7 Training done | AH4: =IF(A4="","",IF(AND(UPPER(L4)="Y",UPPER(O4)="Y",COUNT(P4:Q4)=2,UPPER(S4)="Y",UPPER(T4)="Y",UPPER(U4)="Y",UPPER(X4)="Y",UPPER(Y4)="Y"),"READY","Not yet")) -> READY
A5: C-002 | B5: N | C5: Recruiter group | D5: UK | E5: GMT | F5: 5 | G5: Finance, early to mid | H5: UK, EU | I5: English | J5: 8 | K5: N | L5: Y | O5: Y | P5: 72 | Q5: 78 | AC5: Y | AD5: Interview not yet held | AE5: =IF(AND(ISNUMBER(P5),ISNUMBER(Q5)),ABS(P5-Q5),"") -> 6 | AF5: =IF(COUNT(P5:Q5)=0,"",AVERAGE(P5:Q5)) -> 75 | AG5: =IF(A5="","",IF(UPPER(AB5)="Y","9 Graduated",IF(N(AA5)>0,"8 Probation",IF(UPPER(Y5)="Y","7 Training done",IF(UPPER(U5)="Y","6 Agreement signed",IF(UPPER(T5)="Y","5 Identity verified",IF(UPPER(S5)="Y","4 Interviewed",IF(COUNT(P5:Q5)=2,"3 Reviewed",IF(UPPER(O5)="Y","2 Test taken",IF(UPPER(L5)="Y","1 Applied","0 Sourced")))))))))) -> 3 Reviewed | AH5: =IF(A5="","",IF(AND(UPPER(L5)="Y",UPPER(O5)="Y",COUNT(P5:Q5)=2,UPPER(S5)="Y",UPPER(T5)="Y",UPPER(U5)="Y",UPPER(X5)="Y",UPPER(Y5)="Y"),"READY","Not yet")) -> Not yet
AE6: =IF(AND(ISNUMBER(P6),ISNUMBER(Q6)),ABS(P6-Q6),"") | AF6: =IF(COUNT(P6:Q6)=0,"",AVERAGE(P6:Q6)) | AG6: =IF(A6="","",IF(UPPER(AB6)="Y","9 Graduated",IF(N(AA6)>0,"8 Probation",IF(UPPER(Y6)="Y","7 Training done",IF(UPPER(U6)="Y","6 Agreement signed",IF(UPPER(T6)="Y","5 Identity verified",IF(UPPER(S6)="Y","4 Interviewed",IF(COUNT(P6:Q6)=2,"3 Reviewed",IF(UPPER(O6)="Y","2 Test taken",IF(UPPER(L6)="Y","1 Applied","0 Sourced")))))))))) | AH6: =IF(A6="","",IF(AND(UPPER(L6)="Y",UPPER(O6)="Y",COUNT(P6:Q6)=2,UPPER(S6)="Y",UPPER(T6)="Y",UPPER(U6)="Y",UPPER(X6)="Y",UPPER(Y6)="Y"),"READY","Not yet"))
AE7: =IF(AND(ISNUMBER(P7),ISNUMBER(Q7)),ABS(P7-Q7),"") | AF7: =IF(COUNT(P7:Q7)=0,"",AVERAGE(P7:Q7)) | AG7: =IF(A7="","",IF(UPPER(AB7)="Y","9 Graduated",IF(N(AA7)>0,"8 Probation",IF(UPPER(Y7)="Y","7 Training done",IF(UPPER(U7)="Y","6 Agreement signed",IF(UPPER(T7)="Y","5 Identity verified",IF(UPPER(S7)="Y","4 Interviewed",IF(COUNT(P7:Q7)=2,"3 Reviewed",IF(UPPER(O7)="Y","2 Test taken",IF(UPPER(L7)="Y","1 Applied","0 Sourced")))))))))) | AH7: =IF(A7="","",IF(AND(UPPER(L7)="Y",UPPER(O7)="Y",COUNT(P7:Q7)=2,UPPER(S7)="Y",UPPER(T7)="Y",UPPER(U7)="Y",UPPER(X7)="Y",UPPER(Y7)="Y"),"READY","Not yet"))
AE8: =IF(AND(ISNUMBER(P8),ISNUMBER(Q8)),ABS(P8-Q8),"") | AF8: =IF(COUNT(P8:Q8)=0,"",AVERAGE(P8:Q8)) | AG8: =IF(A8="","",IF(UPPER(AB8)="Y","9 Graduated",IF(N(AA8)>0,"8 Probation",IF(UPPER(Y8)="Y","7 Training done",IF(UPPER(U8)="Y","6 Agreement signed",IF(UPPER(T8)="Y","5 Identity verified",IF(UPPER(S8)="Y","4 Interviewed",IF(COUNT(P8:Q8)=2,"3 Reviewed",IF(UPPER(O8)="Y","2 Test taken",IF(UPPER(L8)="Y","1 Applied","0 Sourced")))))))))) | AH8: =IF(A8="","",IF(AND(UPPER(L8)="Y",UPPER(O8)="Y",COUNT(P8:Q8)=2,UPPER(S8)="Y",UPPER(T8)="Y",UPPER(U8)="Y",UPPER(X8)="Y",UPPER(Y8)="Y"),"READY","Not yet"))
AE9: =IF(AND(ISNUMBER(P9),ISNUMBER(Q9)),ABS(P9-Q9),"") | AF9: =IF(COUNT(P9:Q9)=0,"",AVERAGE(P9:Q9)) | AG9: =IF(A9="","",IF(UPPER(AB9)="Y","9 Graduated",IF(N(AA9)>0,"8 Probation",IF(UPPER(Y9)="Y","7 Training done",IF(UPPER(U9)="Y","6 Agreement signed",IF(UPPER(T9)="Y","5 Identity verified",IF(UPPER(S9)="Y","4 Interviewed",IF(COUNT(P9:Q9)=2,"3 Reviewed",IF(UPPER(O9)="Y","2 Test taken",IF(UPPER(L9)="Y","1 Applied","0 Sourced")))))))))) | AH9: =IF(A9="","",IF(AND(UPPER(L9)="Y",UPPER(O9)="Y",COUNT(P9:Q9)=2,UPPER(S9)="Y",UPPER(T9)="Y",UPPER(U9)="Y",UPPER(X9)="Y",UPPER(Y9)="Y"),"READY","Not yet"))
AE10: =IF(AND(ISNUMBER(P10),ISNUMBER(Q10)),ABS(P10-Q10),"") | AF10: =IF(COUNT(P10:Q10)=0,"",AVERAGE(P10:Q10)) | AG10: =IF(A10="","",IF(UPPER(AB10)="Y","9 Graduated",IF(N(AA10)>0,"8 Probation",IF(UPPER(Y10)="Y","7 Training done",IF(UPPER(U10)="Y","6 Agreement signed",IF(UPPER(T10)="Y","5 Identity verified",IF(UPPER(S10)="Y","4 Interviewed",IF(COUNT(P10:Q10)=2,"3 Reviewed",IF(UPPER(O10)="Y","2 Test taken",IF(UPPER(L10)="Y","1 Applied","0 Sourced")))))))))) | AH10: =IF(A10="","",IF(AND(UPPER(L10)="Y",UPPER(O10)="Y",COUNT(P10:Q10)=2,UPPER(S10)="Y",UPPER(T10)="Y",UPPER(U10)="Y",UPPER(X10)="Y",UPPER(Y10)="Y"),"READY","Not yet"))
AE11: =IF(AND(ISNUMBER(P11),ISNUMBER(Q11)),ABS(P11-Q11),"") | AF11: =IF(COUNT(P11:Q11)=0,"",AVERAGE(P11:Q11)) | AG11: =IF(A11="","",IF(UPPER(AB11)="Y","9 Graduated",IF(N(AA11)>0,"8 Probation",IF(UPPER(Y11)="Y","7 Training done",IF(UPPER(U11)="Y","6 Agreement signed",IF(UPPER(T11)="Y","5 Identity verified",IF(UPPER(S11)="Y","4 Interviewed",IF(COUNT(P11:Q11)=2,"3 Reviewed",IF(UPPER(O11)="Y","2 Test taken",IF(UPPER(L11)="Y","1 Applied","0 Sourced")))))))))) | AH11: =IF(A11="","",IF(AND(UPPER(L11)="Y",UPPER(O11)="Y",COUNT(P11:Q11)=2,UPPER(S11)="Y",UPPER(T11)="Y",UPPER(U11)="Y",UPPER(X11)="Y",UPPER(Y11)="Y"),"READY","Not yet"))
AE12: =IF(AND(ISNUMBER(P12),ISNUMBER(Q12)),ABS(P12-Q12),"") | AF12: =IF(COUNT(P12:Q12)=0,"",AVERAGE(P12:Q12)) | AG12: =IF(A12="","",IF(UPPER(AB12)="Y","9 Graduated",IF(N(AA12)>0,"8 Probation",IF(UPPER(Y12)="Y","7 Training done",IF(UPPER(U12)="Y","6 Agreement signed",IF(UPPER(T12)="Y","5 Identity verified",IF(UPPER(S12)="Y","4 Interviewed",IF(COUNT(P12:Q12)=2,"3 Reviewed",IF(UPPER(O12)="Y","2 Test taken",IF(UPPER(L12)="Y","1 Applied","0 Sourced")))))))))) | AH12: =IF(A12="","",IF(AND(UPPER(L12)="Y",UPPER(O12)="Y",COUNT(P12:Q12)=2,UPPER(S12)="Y",UPPER(T12)="Y",UPPER(U12)="Y",UPPER(X12)="Y",UPPER(Y12)="Y"),"READY","Not yet"))
AE13: =IF(AND(ISNUMBER(P13),ISNUMBER(Q13)),ABS(P13-Q13),"") | AF13: =IF(COUNT(P13:Q13)=0,"",AVERAGE(P13:Q13)) | AG13: =IF(A13="","",IF(UPPER(AB13)="Y","9 Graduated",IF(N(AA13)>0,"8 Probation",IF(UPPER(Y13)="Y","7 Training done",IF(UPPER(U13)="Y","6 Agreement signed",IF(UPPER(T13)="Y","5 Identity verified",IF(UPPER(S13)="Y","4 Interviewed",IF(COUNT(P13:Q13)=2,"3 Reviewed",IF(UPPER(O13)="Y","2 Test taken",IF(UPPER(L13)="Y","1 Applied","0 Sourced")))))))))) | AH13: =IF(A13="","",IF(AND(UPPER(L13)="Y",UPPER(O13)="Y",COUNT(P13:Q13)=2,UPPER(S13)="Y",UPPER(T13)="Y",UPPER(U13)="Y",UPPER(X13)="Y",UPPER(Y13)="Y"),"READY","Not yet"))
AE14: =IF(AND(ISNUMBER(P14),ISNUMBER(Q14)),ABS(P14-Q14),"") | AF14: =IF(COUNT(P14:Q14)=0,"",AVERAGE(P14:Q14)) | AG14: =IF(A14="","",IF(UPPER(AB14)="Y","9 Graduated",IF(N(AA14)>0,"8 Probation",IF(UPPER(Y14)="Y","7 Training done",IF(UPPER(U14)="Y","6 Agreement signed",IF(UPPER(T14)="Y","5 Identity verified",IF(UPPER(S14)="Y","4 Interviewed",IF(COUNT(P14:Q14)=2,"3 Reviewed",IF(UPPER(O14)="Y","2 Test taken",IF(UPPER(L14)="Y","1 Applied","0 Sourced")))))))))) | AH14: =IF(A14="","",IF(AND(UPPER(L14)="Y",UPPER(O14)="Y",COUNT(P14:Q14)=2,UPPER(S14)="Y",UPPER(T14)="Y",UPPER(U14)="Y",UPPER(X14)="Y",UPPER(Y14)="Y"),"READY","Not yet"))
AE15: =IF(AND(ISNUMBER(P15),ISNUMBER(Q15)),ABS(P15-Q15),"") | AF15: =IF(COUNT(P15:Q15)=0,"",AVERAGE(P15:Q15)) | AG15: =IF(A15="","",IF(UPPER(AB15)="Y","9 Graduated",IF(N(AA15)>0,"8 Probation",IF(UPPER(Y15)="Y","7 Training done",IF(UPPER(U15)="Y","6 Agreement signed",IF(UPPER(T15)="Y","5 Identity verified",IF(UPPER(S15)="Y","4 Interviewed",IF(COUNT(P15:Q15)=2,"3 Reviewed",IF(UPPER(O15)="Y","2 Test taken",IF(UPPER(L15)="Y","1 Applied","0 Sourced")))))))))) | AH15: =IF(A15="","",IF(AND(UPPER(L15)="Y",UPPER(O15)="Y",COUNT(P15:Q15)=2,UPPER(S15)="Y",UPPER(T15)="Y",UPPER(U15)="Y",UPPER(X15)="Y",UPPER(Y15)="Y"),"READY","Not yet"))
AE16: =IF(AND(ISNUMBER(P16),ISNUMBER(Q16)),ABS(P16-Q16),"") | AF16: =IF(COUNT(P16:Q16)=0,"",AVERAGE(P16:Q16)) | AG16: =IF(A16="","",IF(UPPER(AB16)="Y","9 Graduated",IF(N(AA16)>0,"8 Probation",IF(UPPER(Y16)="Y","7 Training done",IF(UPPER(U16)="Y","6 Agreement signed",IF(UPPER(T16)="Y","5 Identity verified",IF(UPPER(S16)="Y","4 Interviewed",IF(COUNT(P16:Q16)=2,"3 Reviewed",IF(UPPER(O16)="Y","2 Test taken",IF(UPPER(L16)="Y","1 Applied","0 Sourced")))))))))) | AH16: =IF(A16="","",IF(AND(UPPER(L16)="Y",UPPER(O16)="Y",COUNT(P16:Q16)=2,UPPER(S16)="Y",UPPER(T16)="Y",UPPER(U16)="Y",UPPER(X16)="Y",UPPER(Y16)="Y"),"READY","Not yet"))
AE17: =IF(AND(ISNUMBER(P17),ISNUMBER(Q17)),ABS(P17-Q17),"") | AF17: =IF(COUNT(P17:Q17)=0,"",AVERAGE(P17:Q17)) | AG17: =IF(A17="","",IF(UPPER(AB17)="Y","9 Graduated",IF(N(AA17)>0,"8 Probation",IF(UPPER(Y17)="Y","7 Training done",IF(UPPER(U17)="Y","6 Agreement signed",IF(UPPER(T17)="Y","5 Identity verified",IF(UPPER(S17)="Y","4 Interviewed",IF(COUNT(P17:Q17)=2,"3 Reviewed",IF(UPPER(O17)="Y","2 Test taken",IF(UPPER(L17)="Y","1 Applied","0 Sourced")))))))))) | AH17: =IF(A17="","",IF(AND(UPPER(L17)="Y",UPPER(O17)="Y",COUNT(P17:Q17)=2,UPPER(S17)="Y",UPPER(T17)="Y",UPPER(U17)="Y",UPPER(X17)="Y",UPPER(Y17)="Y"),"READY","Not yet"))
AE18: =IF(AND(ISNUMBER(P18),ISNUMBER(Q18)),ABS(P18-Q18),"") | AF18: =IF(COUNT(P18:Q18)=0,"",AVERAGE(P18:Q18)) | AG18: =IF(A18="","",IF(UPPER(AB18)="Y","9 Graduated",IF(N(AA18)>0,"8 Probation",IF(UPPER(Y18)="Y","7 Training done",IF(UPPER(U18)="Y","6 Agreement signed",IF(UPPER(T18)="Y","5 Identity verified",IF(UPPER(S18)="Y","4 Interviewed",IF(COUNT(P18:Q18)=2,"3 Reviewed",IF(UPPER(O18)="Y","2 Test taken",IF(UPPER(L18)="Y","1 Applied","0 Sourced")))))))))) | AH18: =IF(A18="","",IF(AND(UPPER(L18)="Y",UPPER(O18)="Y",COUNT(P18:Q18)=2,UPPER(S18)="Y",UPPER(T18)="Y",UPPER(U18)="Y",UPPER(X18)="Y",UPPER(Y18)="Y"),"READY","Not yet"))

Sheet Example summary
A1: Summary
A3: Candidates tracked | B3: =COUNTA('Example (synthetic)'!$A$4:$A$18) -> 2
A4: Known to founder | B4: =COUNTIF('Example (synthetic)'!$B$4:$B$18,"Y") -> 1
A5: Not known to founder | B5: =COUNTIF('Example (synthetic)'!$B$4:$B$18,"N") -> 1
A6: Ready for first job | B6: =COUNTIF('Example (synthetic)'!$AH$4:$AH$18,"READY") -> 1
A7: On-call backups | B7: =COUNTIF('Example (synthetic)'!$AC$4:$AC$18,"Y") -> 1
A9: Pilot checks (spec 22, Phase 0 and Appendix F)
A10: Three to five experts shortlisted? | B10: =IF(AND(B3>=3,B3<=5),"OK",IF(B3<3,"Too few","Above five: fine, but cap the pilot at two to four")) -> Too few
A11: At least two the founder does not know? | B11: =IF(B5>=2,"OK","Need more outside candidates") -> Need more outside candidates
A12: Two to four experts ready by the pilot start? | B12: =IF(AND(B6>=2,B6<=4),"OK",IF(B6<2,"Not enough ready","More than four ready: choose")) -> Not enough ready
A13: Two or three on-call backups? | B13: =IF(AND(B7>=2,B7<=3),"OK","Review") -> Review
